Date,Rows,Laundering,Laundering %,Thin day?
2022-09-01,1524807,310,0.020330441819849988,False
2022-09-02,1027758,350,0.03405470937711018,False
2022-09-03,283326,292,0.10306149100329656,False
2022-09-04,282476,291,0.10301760149534828,False
2022-09-05,657397,370,0.056282581149594536,False
2022-09-06,657170,380,0.057823698586362736,False
2022-09-07,658504,368,0.055884246716800506,False
2022-09-08,657938,402,0.061099982065179394,False
2022-09-09,891573,367,0.041163202564456304,False
2022-09-10,282877,301,0.1064066714508426,False
2022-09-11,77,47,61.03896103896104,True
2022-09-12,48,27,56.25,True
2022-09-13,48,29,60.416666666666664,True
2022-09-14,31,18,58.064516129032256,True
2022-09-15,9,6,66.66666666666667,True
2022-09-16,7,5,71.42857142857143,True
2022-09-17,3,2,66.66666666666667,True
