Experiment,Threshold,TP,FP,FN,TN,Precision,Recall,F1-Score,Flagged,Meets P>=20% & R>=80%
A: causal tabular features,0.9,643,35165,282,1348720,0.017956881143878462,0.6951351351351351,0.03500939209974682,35808,False
A: causal tabular features,0.7,792,109637,133,1274248,0.0071720290865624065,0.8562162162162162,0.01422490435907107,110429,False
A: causal tabular features,0.5,891,193892,34,1189993,0.004574321167658368,0.9632432432432433,0.00910540192531731,194783,False
A: causal tabular features,0.4,911,221171,14,1162714,0.004102088417791626,0.9848648648648649,0.008170147125426555,222082,False
A: causal tabular features,0.3,922,248563,3,1135322,0.0036956129627031685,0.9967567567567568,0.007363923166007747,249485,False
A: causal tabular features,0.2,924,282576,1,1101309,0.003259259259259259,0.9989189189189189,0.006497319152676453,283500,False
A: causal tabular features,0.1,925,329830,0,1054055,0.002796631948118698,1.0,0.005577665219488664,330755,False
A: causal tabular features,0.05,925,371256,0,1012629,0.0024853498700900907,1.0,0.00495837643993932,372181,False
A: causal tabular features,0.02,925,453620,0,930265,0.002035002035002035,1.0,0.004061738424045491,454545,False
B: A + training-graph features,0.9,632,34481,293,1349404,0.017999031697661833,0.6832432432432433,0.03507408846217881,35113,False
B: A + training-graph features,0.7,799,103530,126,1280355,0.007658465048069089,0.8637837837837837,0.015182320861914986,104329,False
B: A + training-graph features,0.5,893,180289,32,1203596,0.004928745681138303,0.9654054054054054,0.009807420911881476,181182,False
B: A + training-graph features,0.4,912,207518,13,1176367,0.0043755697356426615,0.985945945945946,0.008712474027369778,208430,False
B: A + training-graph features,0.3,919,234581,6,1149304,0.0039023354564755837,0.9935135135135135,0.007774135560960136,235500,False
B: A + training-graph features,0.2,922,267508,3,1116377,0.003434787467868718,0.9967567567567568,0.006845983924560524,268430,False
B: A + training-graph features,0.1,924,315999,1,1067886,0.002915534688236575,0.9989189189189189,0.0058140998212982305,316923,False
B: A + training-graph features,0.05,925,357110,0,1026775,0.0025835463013392547,1.0,0.005153777579674616,358035,False
B: A + training-graph features,0.02,925,417316,0,966569,0.00221164352610098,1.0,0.004413525906204224,418241,False
